{"last_tab":"","switch_comments":"0","media_favicon":{"url":"http:\/\/uniconxml.mintithemes.com\/wp-content\/uploads\/2014\/08\/favicon.png","id":"10253","height":"16","width":"16","thumbnail":"http:\/\/uniconxml.mintithemes.com\/wp-content\/uploads\/2014\/08\/favicon.png"},"media_favicon_iphone":{"url":"http:\/\/uniconxml.mintithemes.com\/wp-content\/uploads\/2014\/08\/apple-touch-icon-57x57.png","id":"10254","height":"57","width":"57","thumbnail":"http:\/\/uniconxml.mintithemes.com\/wp-content\/uploads\/2014\/08\/apple-touch-icon-57x57.png"},"media_favicon_iphone_retina":{"url":"http:\/\/uniconxml.mintithemes.com\/wp-content\/uploads\/2014\/08\/apple-touch-icon-120x120.png","id":"10256","height":"120","width":"120","thumbnail":"http:\/\/uniconxml.mintithemes.com\/wp-content\/uploads\/2014\/08\/apple-touch-icon-120x120.png"},"media_favicon_ipad":{"url":"http:\/\/uniconxml.mintithemes.com\/wp-content\/uploads\/2014\/08\/apple-touch-icon-76x76.png","id":"10255","height":"76","width":"76","thumbnail":"http:\/\/uniconxml.mintithemes.com\/wp-content\/uploads\/2014\/08\/apple-touch-icon-76x76.png"},"media_favicon_ipad_retina":{"url":"http:\/\/uniconxml.mintithemes.com\/wp-content\/uploads\/2014\/08\/apple-touch-icon-152x152.png","id":"10257","height":"152","width":"152","thumbnail":"http:\/\/uniconxml.mintithemes.com\/wp-content\/uploads\/2014\/08\/apple-touch-icon-152x152.png"},"switch_zoom":"0","switch_backtotop":"1","switch_smoothscroll":"1","select_layoutstyle":"fullwidth","style_bodybg":{"background-color":"#dddddd","background-repeat":"repeat","background-size":"inherit","background-image":"http:\/\/uniconxml.mintithemes.com\/wp-content\/uploads\/2015\/01\/wood_pattern.png","media":{"id":"13796","height":"317","width":"203","thumbnail":"http:\/\/uniconxml.mintithemes.com\/wp-content\/uploads\/2015\/01\/wood_pattern-192x300.png"}},"color_accent":"#1cbac8","color_link":"#1cbac8","color_hover":"#333333","color_topbar_bg":"#f5f5f5","color_topbar_text":"#777777","color_topbar_link":"#777777","color_topbar_linkhover":"#333333","color_headerbg":"#ffffff","media_headerbg":{"url":"","id":"","height":"","width":"","thumbnail":""},"color_headericon":"#bbbbbb","color_headericonhover":"#666666","color_searchinput":"#666666","color_navdivider":"#efefef","font_slogan":{"font-family":"Open Sans","font-options":"","google":"1","font-weight":"400","font-style":"","subsets":"latin-ext","font-size":"20px","color":"#777777"},"font_nav":{"font-family":"Montserrat","font-options":"{","google":"1","font-weight":"700","font-style":"","subsets":"latin","font-size":"13px","color":"#777777"},"color_navlinkhover":"#1cbac8","color_navlinkactive":"#1cbac8","color_subnavbg":"#262626","font_subnav":{"font-family":"Open Sans","font-options":"","google":"1","font-weight":"400","font-style":"","subsets":"","font-size":"13px","color":"#bbbbbb"},"color_subnavlinkhover":"#ffffff","color_subnavborder":"#333333","color_megamenuheading":"#ffffff","color_megamenuhover":"#333333","color_mobilesearchbg":"#444444","color_mobilesearch":"#cccccc","font_body":{"font-family":"Open Sans","font-options":"","google":"1","font-weight":"400","font-style":"","subsets":"latin","font-size":"14px","color":"#777777"},"style_bodylineheight":"1.9","color_bodybg":"#ffffff","color_footerbg":"#262626","border_footertop":{"border-top":"10px","border-right":"10px","border-bottom":"10px","border-left":"10px","border-style":"none","border-color":"#dd3333"},"font_footerheadline":{"font-family":"Montserrat","font-options":"","google":"1","font-weight":"700","font-style":"","subsets":"latin","font-size":"13px","color":"#ffffff"},"color_footertext":"#888888","color_footerlink":"#888888","color_footerlinkhover":"#ffffff","style_footerwidgetborder":"#333333","color_copyrightbg":"#1b1b1b","color_copyrighttext":"#777777","color_copyrightlink":"#999999","color_copyrightlinkhover":"#cccccc","font_headline":{"font-family":"Open Sans","font-options":"","google":"1","font-weight":"600","font-style":"","subsets":"latin","color":"#333333"},"size_h1":"28px","size_h2":"24px","size_h3":"18px","size_h4":"16px","size_h5":"16px","size_h6":"16px","font_sidebarheadline":{"font-family":"Montserrat","font-options":"","google":"1","font-weight":"700","font-style":"","subsets":"latin","font-size":"14px","color":"#444444"},"color_sidebarborder":"#efefef","font_specialfont":{"font-family":"Montserrat","font-options":"","google":"1","font-weight":"700","font-style":"","subsets":"latin","letter-spacing":"0px"},"header_layout":"v1","select_topbarleft":"Text Field","select_topbarright":"Social Media","textarea_topbar":"Call Us 1234 567 89 \u00b7 <a href=\"mailto:office@domain.com\">office@domain.com<\/a>","switch_topbarresponsive":"0","textarea_slogan":"The first Design-Driven Multipurpose Theme.","switch_stickyheader":"1","switch_searchform":"1","switch_searchformmobile":"1","switch_pagescroll":"0","media_logo":{"url":"http:\/\/uniconxml.mintithemes.com\/wp-content\/uploads\/2014\/08\/logo.png","id":"10250","height":"34","width":"144","thumbnail":"http:\/\/uniconxml.mintithemes.com\/wp-content\/uploads\/2014\/08\/logo.png"},"media_logo_retina":{"url":"http:\/\/uniconxml.mintithemes.com\/wp-content\/uploads\/2014\/08\/logo@2x.png","id":"10251","height":"68","width":"288","thumbnail":"http:\/\/uniconxml.mintithemes.com\/wp-content\/uploads\/2014\/08\/logo@2x.png"},"media_logo_transparent":{"url":"http:\/\/uniconxml.mintithemes.com\/wp-content\/uploads\/2014\/08\/logo-white.png","id":"10264","height":"34","width":"144","thumbnail":"http:\/\/uniconxml.mintithemes.com\/wp-content\/uploads\/2014\/08\/logo-white.png"},"media_logo_retina_transparent":{"url":"http:\/\/uniconxml.mintithemes.com\/wp-content\/uploads\/2014\/08\/logo-white@2x.png","id":"10265","height":"68","width":"288","thumbnail":"http:\/\/uniconxml.mintithemes.com\/wp-content\/uploads\/2014\/08\/logo-white@2x.png"},"style_headerheight":"90px","style_logotopmargin":"28px","style_navmargintop":"35px","style_hv3_topmargin":"30px","style_hv3_bottommargin":"30px","style_hv3slogan_topmargin":"34px","social_dribbble":"http:\/\/dribbble.com","social_facebook":"http:\/\/facebook.com","social_foursquare":"","social_flickr":"","social_github":"","social_googleplus":"http:\/\/googleplus.com","social_instagram":"http:\/\/instagram.com","social_linkedin":"http:\/\/linkedin.com","social_pinterest":"","social_renren":"","social_rss":"","social_skype":"","social_soundcloud":"","social_stackoverflow":"","social_twitter":"http:\/\/twitter.com","social_tumblr":"","social_vimeo":"","social_vk":"","social_weibo":"","social_xing":"","social_youtube":"http:\/\/youtube.com","switch_footerwidgets":"1","select_footercolumns":"4","switch_copyright":"1","textarea_copyright":"\u00a9 2016 Unicon v2 \u00b7 WordPress Theme built by <a href=\"http:\/\/www.mintithemes.com\">Mintithemes<\/a> using <a href=\"http:\/\/wordpress.org\/\" target=\"_blank\">WordPress<\/a>.","select_copyright":"Social Media","titlebar_layout":"title","titlebar_image":{"url":"http:\/\/uniconxml.mintithemes.com\/wp-content\/uploads\/2014\/07\/hero003.jpg","id":"14232","height":"800","width":"1200","thumbnail":"http:\/\/uniconxml.mintithemes.com\/wp-content\/uploads\/2014\/07\/hero003-300x300.jpg"},"titlebar_color":"light","titlebar_breadcrumbs":"1","text_titlebar_blog":"Blog","text_titlebar_woocommerce":"Shop","text_titlebar_forums":"Forum","color_titlebarbg":"#f9f9f9","border_titlebar":{"border-top":"0","border-right":"0","border-bottom":"0","border-left":"0","border-style":"none","border-color":"#efefef"},"font_titlebar":{"font-family":"Open Sans","font-options":"","google":"1","font-weight":"400","font-style":"","subsets":"","font-size":"22px","color":"#777777"},"font_breadcrumb":{"font-family":"Open Sans","font-options":"","google":"1","font-weight":"400","font-style":"","subsets":"","font-size":"13px","color":"#999999"},"color_breadcrumbhover":"#666666","style_breadcrumbmargin":"6px","font_titlebar_3":{"font-family":"Montserrat","font-options":"","google":"1","font-weight":"700","font-style":"","subsets":"latin","text-transform":"uppercase","font-size":"42px","letter-spacing":"1px","color":"#ffffff"},"align_titlebar_3":"center","switch_readmore":"1","switch_metadata":"1","check_metadata":{"date":"1","author":"1","comments":"1","categories":"1","tags":""},"select_bloglayout":"sidebar-right","switch_blogpagination":"1","switch_sharebox":"1","check_sharebox":{"facebook":"1","twitter":"1","linkedin":"1","tumblr":"1","pinterest":"1","googleplus":"1","email":"1"},"switch_authorinfo":"1","switch_relatedposts":"0","text_portfolioslug":"portfolio-item","switch_portfoliopagination":"0","switch_shoppingicon":"1","select_woocommercesidebar":"sidebar-left","select_woocommercesidebar_single":"no-sidebar","select_woocommercecolumns":"columns-3","text_shopitems":"12","switch_secondimageonhover":"1","switch_shopsorting":"1","switch_shopresultcount":"1","switch_addtocart":"1","switch_shopupsells":"0","switch_shoprelatedproducts":"1","select_bbpresssidebar":"no-sidebar","lightbox_automatic":"1","lightbox_smartphones":"1","lightbox_animation_speed":"normal","lightbox_opacity":"0.83","lightbox_title":"0","lightbox_gallery":"0","lightbox_autoplay":"0","lightbox_slideshow_speed":"5000","lightbox_social":"0","textarea_csscode":"#header #navigation > ul > li > a{ text-transform: uppercase; }\r\n\r\n#footer .widget h3{ text-transform: uppercase; letter-spacing: 1px; }\r\n#sidebar .widget h3{ text-transform: uppercase; letter-spacing: 1px; }\r\n\r\n#header #navigation > ul > li.megamenu > ul > li > a{ letter-spacing: 1px; font-size: 14px; }\r\n\r\n#header #navigation > li >  a{ text-transform: uppercase; letter-spacing: 1px; }\r\n\r\n.postid-4815 .portfolio-detail-title,\r\n.postid-4770 .portfolio-detail-title{ display: none; }\r\n\r\nh6{ font-weight: 700; letter-spacing: 1px; text-transform: uppercase; }\r\n\r\n.font-special{ text-transform:uppercase; }\r\n.wpb_accordion .wpb_accordion_wrapper .wpb_accordion_header a{ text-transform: uppercase; }\r\n.pricing-plan .pricing-plan-head h3{ text-transform: uppercase; font-size: 16px; }\r\n\r\n.pricing-plan .pricing-price span.pricing-amount{ font-size:42px; font-weight: 300; }\r\n\r\n.customclass1 .social-icon a{ background: #efefef; color: #333333; }\r\n.customclass1 .social-icon a:hover{ background: #1cbac8; color: #ffffff; }\r\n\r\n@media only screen and (max-width: 959px) {\r\n    @media only screen and (-webkit-min-device-pixel-ratio: 1), only screen and (min-device-pixel-ratio: 1) {\r\n        .fontweight-300{ font-weight: 400 !important; }\r\n    }\r\n}\r\n\r\n@media (max-width: 768px) {\r\n\t.hideundertablet{ display: none; }\r\n}\r\n\r\n.features-box img{\r\n    border-radius: 4px;\r\n    box-shadow: 0 2px 0 0 rgba(0,0,0,.03);\r\n    margin-bottom: -20px;\r\n}\r\n\r\n.borderbutton a{\r\n\tborder:1px solid #1cbac8 !important;\r\n\tpadding: 10px 20px !important;\r\n\tmargin-top: -11px !important;\r\n\tborder-radius: 3px;\r\n\tmargin-right: 15px !important;\r\n\tmargin-left: 5px !important;\r\n\tcolor: #1cbac8 !important;\r\n}\r\n\r\n.borderbutton a:hover{\r\n    background: #333333 !important;\r\n    border-color:#333333 !important;\r\n    color:#ffffff !important;\r\n}\r\n\r\n#header.header-transparent .borderbutton a{\r\n\tborder: 1px solid rgba(255,255,255,0.5) !important;\r\n\tcolor: #ffffff !important;\r\n}\r\n\r\n.tp-caption a {\r\n    color: #222222;\r\n    border-bottom: 4px solid #1cbac8;\r\n}\r\n\r\n.tp-caption a:hover {\r\n    color: #1cbac8;\r\n    border-bottom-color: transparent;\r\n}\r\n\r\n.no-transform{ text-transform: none; }","redux-backup":"1"}